k,logit0,logit1,margin,decision,cycles,exp_logit0,exp_logit1,exp_margin,exp_decision,gt,exact
0,-119,6,125,1,12196126,-82,-75,7,1,1,0
1,-109,302,411,1,12196126,-163,369,532,1,0,0
2,304,632,328,1,12196126,237,830,593,1,0,0
3,274,-162,-436,1,12196126,482,-302,-784,0,0,0
4,474,-283,-757,0,12196126,516,-165,-681,0,0,0
5,660,-463,-1123,0,12196126,759,-404,-1163,0,0,0
6,-204,391,595,1,12196126,-250,432,682,1,1,0
7,-775,614,1389,1,12196126,-950,642,1592,1,1,0
8,663,-224,-887,0,12196126,580,-279,-859,0,0,0
9,-330,944,1274,1,12196126,-485,795,1280,1,1,0
10,-92,-35,57,1,12196126,-139,0,139,1,1,0
11,-706,467,1173,1,12196126,-723,550,1273,1,1,0
12,-335,169,504,1,12196126,-520,273,793,1,1,0
13,301,282,-19,1,12196126,312,348,36,1,1,0
14,137,430,293,1,12196126,44,479,435,1,1,0
15,213,29,-184,1,12196126,406,-156,-562,1,1,0
16,-844,480,1324,1,12196126,-1085,509,1594,1,1,0
17,-478,627,1105,1,12196126,-489,649,1138,1,1,0
18,-754,559,1313,1,12196126,-819,597,1416,1,1,0
19,-635,707,1342,1,12196126,-750,740,1490,1,1,0
20,673,-866,-1539,0,12196126,833,-808,-1641,0,0,0
21,-319,576,895,1,12196126,-279,451,730,1,1,0
22,-630,663,1293,1,12196126,-491,555,1046,1,1,0
23,1067,160,-907,0,12196126,1327,-20,-1347,0,0,0
24,761,166,-595,1,12196126,724,286,-438,1,0,0
25,143,-177,-320,1,12196126,-38,-79,-41,1,1,0
26,-325,361,686,1,12196126,-360,393,753,1,1,0
27,442,-775,-1217,0,12196126,612,-683,-1295,0,0,0
28,81,-261,-342,1,12196126,-57,-356,-299,1,1,0
29,41,839,798,1,12196126,-5,813,818,1,0,0
30,376,443,67,1,12196126,347,388,41,1,0,0
31,660,354,-306,1,12196126,651,252,-399,1,0,0
32,-959,595,1554,1,12196126,-956,539,1495,1,1,0
33,-46,506,552,1,12196126,-77,513,590,1,1,0
34,75,-228,-303,1,12196126,331,-192,-523,1,0,0
35,822,-621,-1443,0,12196126,889,-657,-1546,0,0,0
36,-41,-254,-213,1,12196126,-86,-234,-148,1,1,0
37,-63,-151,-88,1,12196126,50,-146,-196,1,0,0
38,-254,849,1103,1,12196126,-125,696,821,1,1,0
39,772,-243,-1015,0,12196126,859,-303,-1162,0,0,0
40,309,223,-86,1,12196126,375,348,-27,1,0,0
41,141,-407,-548,1,12196126,63,-301,-364,1,0,0
42,873,-877,-1750,0,12196126,934,-822,-1756,0,0,0
43,-570,612,1182,1,12196126,-509,579,1088,1,1,0
44,-720,683,1403,1,12196126,-685,640,1325,1,1,0
45,545,-896,-1441,0,12196126,523,-843,-1366,0,0,0
46,-461,557,1018,1,12196126,-443,500,943,1,0,0
47,-890,972,1862,1,12196126,-923,1018,1941,1,1,0
48,-295,436,731,1,12196126,-328,464,792,1,1,0
49,-1139,507,1646,1,12196126,-1125,472,1597,1,1,0
50,-64,187,251,1,12196126,158,158,0,1,0,0
51,-565,915,1480,1,12196126,-609,963,1572,1,1,0
52,-587,191,778,1,12196126,-541,89,630,1,0,0
53,24,-285,-309,1,12196126,65,-568,-633,1,0,0
54,188,-426,-614,1,12196126,522,-533,-1055,0,0,0
55,-159,-174,-15,1,12196126,-26,-124,-98,1,0,0
56,-766,1003,1769,1,12196126,-620,1015,1635,1,0,0
57,-618,812,1430,1,12196126,-578,657,1235,1,1,0
58,823,57,-766,0,12196126,660,156,-504,1,0,0
59,-186,131,317,1,12196126,-131,108,239,1,1,0
60,75,196,121,1,12196126,229,123,-106,1,0,0
61,542,-128,-670,0,12196126,516,-220,-736,0,1,0
62,-108,381,489,1,12196126,-134,549,683,1,0,0
63,203,256,53,1,12196126,265,140,-125,1,1,0
64,488,-43,-531,1,12196126,502,54,-448,1,1,0
65,468,-574,-1042,0,12196126,561,-756,-1317,0,0,0
66,-8,-28,-20,1,12196126,76,-94,-170,1,0,0
67,-130,182,312,1,12196126,-322,165,487,1,1,0
68,331,-139,-470,1,12196126,159,-159,-318,1,0,0
69,-631,941,1572,1,12196126,-743,867,1610,1,1,0
70,-272,441,713,1,12196126,-216,533,749,1,1,0
71,-311,570,881,1,12196126,-208,599,807,1,1,0
72,-616,833,1449,1,12196126,-741,706,1447,1,1,0
73,87,188,101,1,12196126,68,224,156,1,1,0
74,-777,339,1116,1,12196126,-833,594,1427,1,1,0
75,118,-6,-124,1,12196126,142,-4,-146,1,0,0
76,-701,681,1382,1,12196126,-721,717,1438,1,1,0
77,-576,546,1122,1,12196126,-621,675,1296,1,1,0
78,406,-568,-974,0,12196126,435,-546,-981,0,0,0
79,753,-505,-1258,0,12196126,696,-631,-1327,0,0,0
80,-1016,1121,2137,1,12196126,-1162,1195,2357,1,1,0
81,-587,956,1543,1,12196126,-658,830,1488,1,0,0
82,-167,-45,122,1,12196126,-30,-50,-20,1,1,0
83,-380,142,522,1,12196126,-76,51,127,1,0,0
84,-319,759,1078,1,12196126,-282,634,916,1,1,0
85,984,-751,-1735,0,12196126,1043,-882,-1925,0,0,0
86,639,-622,-1261,0,12196126,592,-755,-1347,0,0,0
87,461,273,-188,1,12196126,589,322,-267,1,0,0
88,555,-495,-1050,0,12196126,566,-274,-840,0,0,0
89,671,-715,-1386,0,12196126,679,-835,-1514,0,0,0
90,-335,501,836,1,12196126,-145,363,508,1,1,0
91,255,628,373,1,12196126,186,455,269,1,1,0
92,-545,1119,1664,1,12196126,-457,1202,1659,1,1,0
93,-819,648,1467,1,12196126,-732,691,1423,1,1,0
94,894,-253,-1147,0,12196126,978,-179,-1157,0,0,0
95,-446,241,687,1,12196126,-260,488,748,1,1,0
96,218,-253,-471,1,12196126,325,-394,-719,0,1,0
97,262,149,-113,1,12196126,392,-21,-413,1,1,0
98,-209,116,325,1,12196126,-74,42,116,1,1,0
99,509,-420,-929,0,12196126,736,-405,-1141,0,0,0
100,-141,-392,-251,1,12196126,-121,-374,-253,1,0,0
101,806,-807,-1613,0,12196126,752,-858,-1610,0,0,0
102,559,-86,-645,1,12196126,386,-63,-449,1,0,0
103,-888,817,1705,1,12196126,-918,638,1556,1,1,0
104,-241,-175,66,1,12196126,-212,-271,-59,1,1,0
105,715,571,-144,1,12196126,799,481,-318,1,0,0
106,221,-271,-492,1,12196126,280,-319,-599,1,1,0
107,-362,653,1015,1,12196126,-433,796,1229,1,1,0
108,-204,213,417,1,12196126,-234,189,423,1,0,0
109,348,686,338,1,12196126,292,742,450,1,1,0
110,-475,626,1101,1,12196126,-597,819,1416,1,1,0
111,-32,376,408,1,12196126,-201,207,408,1,0,0
112,1128,-216,-1344,0,12196126,1138,-319,-1457,0,0,0
113,483,-663,-1146,0,12196126,615,-691,-1306,0,0,0
114,172,-231,-403,1,12196126,216,-269,-485,1,1,0
115,-262,556,818,1,12196126,-218,789,1007,1,0,0
116,492,-702,-1194,0,12196126,766,-509,-1275,0,0,0
117,441,-184,-625,1,12196126,325,-314,-639,1,0,0
118,-416,892,1308,1,12196126,-480,745,1225,1,1,0
119,-435,433,868,1,12196126,-229,370,599,1,1,0
120,-171,-197,-26,1,12196126,-144,-178,-34,1,0,0
121,460,-659,-1119,0,12196126,493,-669,-1162,0,0,0
122,596,-287,-883,0,12196126,513,-367,-880,0,0,0
123,751,-543,-1294,0,12196126,725,-458,-1183,0,0,0
124,-7,-469,-462,1,12196126,89,-455,-544,1,1,0
125,555,83,-472,1,12196126,623,34,-589,1,0,0
126,185,662,477,1,12196126,165,631,466,1,0,0
127,-409,561,970,1,12196126,-330,568,898,1,0,0
128,219,-355,-574,1,12196126,188,-469,-657,0,0,0
129,929,-22,-951,0,12196126,885,37,-848,0,0,0
130,293,141,-152,1,12196126,270,169,-101,1,0,0
131,174,19,-155,1,12196126,85,239,154,1,0,0
132,-795,432,1227,1,12196126,-794,245,1039,1,1,0
133,71,885,814,1,12196126,-83,823,906,1,1,0
134,-537,259,796,1,12196126,-535,236,771,1,1,0
135,682,-1224,-1906,0,12196126,753,-1312,-2065,0,0,0
136,-249,-409,-160,1,12196126,-137,-450,-313,1,0,0
137,726,-826,-1552,0,12196126,751,-657,-1408,0,0,0
138,-537,1255,1792,1,12196126,-643,1285,1928,1,0,0
139,-419,1018,1437,1,12196126,-501,824,1325,1,1,0
140,-328,500,828,1,12196126,-228,318,546,1,1,0
141,801,-606,-1407,0,12196126,728,-546,-1274,0,0,0
142,817,159,-658,0,12196126,731,129,-602,1,0,0
143,1193,-1152,-2345,0,12196126,1196,-943,-2139,0,0,0
144,88,-71,-159,1,12196126,185,-164,-349,1,0,0
145,-506,1,507,1,12196126,-456,19,475,1,1,0
146,-196,902,1098,1,12196126,-214,957,1171,1,1,0
147,509,-385,-894,0,12196126,399,-313,-712,0,1,0
148,-664,884,1548,1,12196126,-605,867,1472,1,0,0
149,-533,-375,158,1,12196126,-304,-449,-145,1,0,0
150,-581,504,1085,1,12196126,-613,636,1249,1,1,0
151,-558,785,1343,1,12196126,-687,741,1428,1,1,0
152,-32,380,412,1,12196126,-148,440,588,1,0,0
153,100,-208,-308,1,12196126,217,-289,-506,1,0,0
154,-10,435,445,1,12196126,44,290,246,1,0,0
155,-380,411,791,1,12196126,-439,353,792,1,1,0
156,-657,852,1509,1,12196126,-752,1018,1770,1,1,0
157,904,-669,-1573,0,12196126,1003,-562,-1565,0,0,0
158,708,-74,-782,0,12196126,719,102,-617,1,0,0
159,586,-319,-905,0,12196126,628,-274,-902,0,0,0
160,-446,187,633,1,12196126,-330,243,573,1,0,0
161,-1128,814,1942,1,12196126,-1071,819,1890,1,1,0
162,-658,423,1081,1,12196126,-523,97,620,1,1,0
163,-660,726,1386,1,12196126,-925,812,1737,1,1,0
164,1127,-540,-1667,0,12196126,1032,-533,-1565,0,0,0
165,557,65,-492,1,12196126,417,115,-302,1,0,0
166,-54,-148,-94,1,12196126,30,-114,-144,1,1,0
167,613,-623,-1236,0,12196126,340,-500,-840,0,0,0
168,655,467,-188,1,12196126,583,340,-243,1,1,0
169,330,-769,-1099,0,12196126,545,-705,-1250,0,0,0
170,495,-192,-687,0,12196126,551,-119,-670,0,1,0
171,-369,-556,-187,1,12196126,39,-609,-648,0,0,0
172,463,-372,-835,0,12196126,384,-305,-689,0,0,0
173,-122,-127,-5,1,12196126,-144,22,166,1,0,0
174,-324,748,1072,1,12196126,-364,728,1092,1,1,0
175,-473,516,989,1,12196126,-479,458,937,1,1,0
176,-423,-98,325,1,12196126,-512,-95,417,1,1,0
177,280,-596,-876,0,12196126,375,-923,-1298,0,0,0
178,859,-1287,-2146,0,12196126,909,-1436,-2345,0,0,0
179,-894,895,1789,1,12196126,-970,856,1826,1,1,0
180,543,-585,-1128,0,12196126,294,-576,-870,0,0,0
181,89,711,622,1,12196126,65,673,608,1,1,0
182,57,-41,-98,1,12196126,220,-167,-387,1,0,0
183,-845,1329,2174,1,12196126,-899,1181,2080,1,1,0
184,-455,713,1168,1,12196126,-549,622,1171,1,1,0
185,-64,853,917,1,12196126,-12,808,820,1,0,0
186,1358,-140,-1498,0,12196126,1197,-355,-1552,0,0,0
187,-409,808,1217,1,12196126,-567,603,1170,1,1,0
188,906,-570,-1476,0,12196126,720,-675,-1395,0,0,0
189,-504,680,1184,1,12196126,-505,690,1195,1,1,0
190,-837,1003,1840,1,12196126,-896,1015,1911,1,1,0
191,1314,-308,-1622,0,12196126,1099,-292,-1391,0,0,0
192,371,397,26,1,12196126,287,475,188,1,0,0
193,-591,763,1354,1,12196126,-635,950,1585,1,1,0
194,237,101,-136,1,12196126,328,63,-265,1,1,0
195,-300,211,511,1,12196126,-434,287,721,1,0,0
196,-434,749,1183,1,12196126,-497,604,1101,1,1,0
197,-364,546,910,1,12196126,-394,427,821,1,1,0
198,-457,899,1356,1,12196126,-418,642,1060,1,1,0
199,-564,766,1330,1,12196126,-358,835,1193,1,1,0
200,149,-162,-311,1,12196126,138,-89,-227,1,1,0
201,-587,871,1458,1,12196126,-637,842,1479,1,0,0
202,-437,586,1023,1,12196126,-290,507,797,1,1,0
203,-686,830,1516,1,12196126,-833,782,1615,1,1,0
204,735,-377,-1112,0,12196126,665,-477,-1142,0,0,0
205,449,-568,-1017,0,12196126,698,-785,-1483,0,0,0
206,169,629,460,1,12196126,185,680,495,1,0,0
207,579,-470,-1049,0,12196126,721,-584,-1305,0,0,0
208,80,26,-54,1,12196126,202,-5,-207,1,0,0
209,711,-380,-1091,0,12196126,722,-578,-1300,0,0,0
210,1194,-686,-1880,0,12196126,1042,-669,-1711,0,0,0
211,-590,826,1416,1,12196126,-442,786,1228,1,0,0
212,-413,-271,142,1,12196126,-437,-452,-15,1,1,0
213,727,208,-519,1,12196126,614,103,-511,1,0,0
214,-405,613,1018,1,12196126,-363,651,1014,1,1,0
215,-785,922,1707,1,12196126,-589,813,1402,1,1,0
216,-421,368,789,1,12196126,-540,329,869,1,1,0
217,153,115,-38,1,12196126,77,68,-9,1,1,0
218,-70,506,576,1,12196126,-370,621,991,1,0,0
219,1019,-843,-1862,0,12196126,817,-729,-1546,0,0,0
220,-114,582,696,1,12196126,-94,569,663,1,1,0
221,640,-482,-1122,0,12196126,731,-630,-1361,0,0,0
222,-374,1074,1448,1,12196126,-450,1076,1526,1,1,0
223,-666,760,1426,1,12196126,-731,695,1426,1,1,0
224,-292,533,825,1,12196126,-145,397,542,1,1,0
225,-168,148,316,1,12196126,-178,281,459,1,0,0
226,368,567,199,1,12196126,361,653,292,1,1,0
227,292,139,-153,1,12196126,248,335,87,1,1,0
228,1414,-396,-1810,0,12196126,1534,-489,-2023,0,0,0
229,169,-396,-565,1,12196126,-3,-467,-464,1,1,0
230,-1162,1040,2202,1,12196126,-951,779,1730,1,0,0
231,270,315,45,1,12196126,290,386,96,1,0,0
232,-279,-15,264,1,12196126,-163,51,214,1,1,0
233,-63,-42,21,1,12196126,90,24,-66,1,1,0
234,-142,-211,-69,1,12196126,-130,-94,36,1,1,0
235,107,-717,-824,0,12196126,167,-456,-623,1,1,0
236,608,-179,-787,0,12196126,718,-161,-879,0,0,0
237,-566,575,1141,1,12196126,-652,447,1099,1,1,0
238,-45,5,50,1,12196126,-84,59,143,1,1,0
239,386,-134,-520,1,12196126,528,-184,-712,0,1,0
240,-129,290,419,1,12196126,29,268,239,1,1,0
241,166,-248,-414,1,12196126,269,-249,-518,1,0,0
242,387,-399,-786,0,12196126,423,-319,-742,0,0,0
243,483,8,-475,1,12196126,473,9,-464,1,1,0
